customer_id,age,gender,location,signup_days_ago,last_active_days_ago,total_orders,total_spent,avg_order_value,days_between_orders,returned_items,discount_used,customer_support_calls
1,56,Male,Chonburi,390,286,30,9901.32,1472.15,10,3,14,6
2,46,Female,Chiang Mai,672,265,37,47577.1,1171.37,50,6,11,10
3,32,Female,Chonburi,861,320,25,8857.03,453.29,12,2,15,0
4,60,Female,Chonburi,43,161,48,28429.59,1033.69,36,4,15,6
5,25,Male,Chonburi,254,308,27,29007.79,658.77,54,4,19,2
6,38,Male,Chonburi,130,89,14,24532.26,883.56,21,1,19,10
7,56,Male,Bangkok,60,142,48,32272.79,1308.18,49,9,3,11
8,36,Male,Phuket,663,203,47,11568.35,1503.17,47,1,10,7
9,40,Male,Bangkok,467,309,36,27677.85,502.84,6,3,12,5
10,28,Male,Chiang Mai,287,227,39,18671.45,840.38,48,3,8,3
11,28,Male,Bangkok,517,334,16,33117.2,574.87,49,3,3,10
12,41,Male,Bangkok,467,222,22,7147.05,437.33,3,5,11,7
13,53,Female,Chiang Mai,930,41,21,28586.78,1577.61,10,1,8,8
14,57,Female,Chiang Mai,778,196,21,9344.99,1823.04,5,5,12,9
15,41,Male,Chiang Mai,345,68,8,14004.29,771.95,46,6,15,1
16,20,Male,Bangkok,642,264,49,11013.62,1514.99,26,9,5,14
17,39,Female,Bangkok,382,2,16,9223.61,1799.14,21,2,9,5
18,19,Male,Chiang Mai,779,361,31,41302.98,1699.94,45,7,12,4
19,41,Male,Phuket,690,125,42,14356.81,406.49,26,1,6,4
20,61,Male,Phuket,253,110,10,46363.48,1914.77,38,7,18,9
21,47,Female,Chonburi,927,86,32,48499.33,784.52,44,4,18,10
22,55,Female,Chiang Mai,56,120,34,28605.9,711.52,26,1,16,2
23,19,Female,Chonburi,463,127,9,7235.76,171.74,8,6,12,11
24,38,Female,Phuket,457,255,17,18789.96,998.04,5,1,12,7
25,50,Female,Chonburi,983,183,11,39906.84,262.58,15,5,1,13
26,29,Male,Chiang Mai,83,16,32,18432.8,534.65,59,9,9,7
27,39,Female,Chiang Mai,905,62,10,4442.16,668.04,16,2,12,11
28,61,Male,Chiang Mai,99,158,22,27883.57,1627.21,1,8,8,4
29,42,Male,Bangkok,149,268,17,42271.53,1757.2,16,2,0,7
30,44,Female,Chonburi,329,35,4,39816.73,639.81,37,2,13,9
31,59,Female,Phuket,156,267,48,8838.64,1724.46,3,4,15,14
32,45,Male,Phuket,190,64,47,33670.95,1721.6,52,6,19,7
33,33,Male,Phuket,494,50,25,11103.16,1541.07,47,7,14,2
34,32,Male,Bangkok,883,255,21,10988.56,336.06,31,6,0,1
35,64,Female,Bangkok,263,149,37,43716.18,1396.13,13,8,16,8
36,61,Female,Chiang Mai,80,325,38,12558.48,1892.8,56,4,12,1
37,20,Female,Phuket,400,304,49,13236.04,1380.95,16,9,14,8
38,54,Female,Bangkok,764,276,1,132.6,696.65,55,2,15,3
39,24,Female,Chiang Mai,609,357,25,43546.38,1026.13,43,5,15,11
40,38,Male,Phuket,260,172,36,39650.48,1309.16,21,4,1,12
41,26,Female,Chonburi,772,201,17,31403.71,1045.61,2,3,16,1
42,56,Male,Chiang Mai,615,324,41,37538.26,283.91,54,1,10,9
43,35,Male,Bangkok,552,35,24,7687.22,658.52,27,6,7,0
44,21,Male,Bangkok,785,216,2,22970.35,1614.67,38,4,19,3
45,42,Female,Chiang Mai,101,65,40,17625.85,1729.77,26,3,2,8
46,31,Female,Chiang Mai,359,8,15,4779.45,317.74,58,7,11,11
47,26,Female,Bangkok,380,301,32,24357.91,1907.15,59,8,19,8
48,43,Male,Chonburi,820,343,39,46044.91,691.2,38,8,15,3
49,19,Male,Phuket,221,332,6,2098.95,1341.51,46,2,13,8
50,37,Male,Chonburi,820,76,1,14643.9,1516.06,25,2,15,14
51,45,Male,Chiang Mai,420,174,47,10456.29,1633.3,11,4,16,11
52,64,Male,Chonburi,124,47,23,11983.52,1894.21,8,4,10,5
53,24,Male,Bangkok,422,15,39,45430.88,660.19,8,9,16,0
54,61,Female,Chiang Mai,231,361,17,23456.65,1724.09,33,1,18,9
55,25,Female,Phuket,690,147,34,23368.34,306.79,53,0,0,12
56,64,Female,Bangkok,63,26,41,38052.72,1424.83,7,7,11,13
57,52,Female,Bangkok,485,308,29,7809.16,1496.86,38,2,14,5
58,31,Male,Phuket,628,93,9,24414.54,1371.56,21,0,17,8
59,34,Male,Phuket,703,232,13,21556.26,542.01,8,0,13,12
60,53,Female,Chonburi,574,21,6,29885.84,1752.43,51,1,0,1
61,57,Male,Chiang Mai,768,307,6,49977.93,379.27,54,5,12,5
62,21,Female,Phuket,483,38,20,38495.5,154.59,21,5,14,1
63,19,Female,Phuket,519,276,3,19953.5,1449.06,56,2,6,3
64,23,Female,Chiang Mai,155,157,17,41394.9,977.18,20,3,14,14
65,59,Male,Phuket,92,179,49,8618.35,1705.74,8,1,19,7
66,21,Female,Phuket,982,132,12,1620.14,797.62,58,1,9,12
67,46,Female,Chonburi,526,311,48,10301.97,378.14,46,6,13,6
68,35,Female,Bangkok,455,348,47,17086.54,1681.06,31,0,5,10
69,43,Male,Bangkok,741,28,45,25577.98,1120.37,50,6,13,11
70,61,Male,Bangkok,598,260,1,30794.94,418.93,57,0,11,12
71,51,Female,Bangkok,645,76,17,45539.23,1454.75,29,5,10,8
72,27,Male,Phuket,510,67,3,25541.72,1046.67,48,2,19,6
73,53,Male,Chiang Mai,183,342,26,25113.65,1228.41,9,7,18,0
74,31,Male,Chiang Mai,386,194,15,2607.13,948.75,15,5,1,1
75,48,Male,Chonburi,574,162,36,1842.09,1665.98,30,1,19,5
76,32,Male,Chonburi,731,347,32,27602.88,1667.65,26,7,0,6
77,25,Male,Phuket,405,361,32,21965.11,1433.31,10,4,7,2
78,31,Male,Chiang Mai,246,257,4,41975.1,255.53,29,7,13,8
79,40,Male,Chiang Mai,742,72,18,8117.91,1685.77,54,7,8,12
80,57,Male,Bangkok,591,87,49,1346.09,1358.48,16,5,1,14
81,38,Male,Phuket,661,262,19,22507.03,1409.2,36,1,4,6
82,33,Female,Phuket,650,214,43,11950.18,757.82,20,7,7,13
83,62,Female,Bangkok,471,153,35,2575.76,1764.6,45,5,15,5
84,35,Male,Phuket,826,210,40,36257.45,1464.47,54,5,15,12
85,64,Female,Phuket,888,61,14,5668.49,269.55,37,7,12,5
86,41,Female,Chonburi,423,268,33,30455.14,845.17,22,0,19,0
87,43,Male,Chiang Mai,901,262,14,14124.38,1778.44,7,1,14,12
88,42,Male,Phuket,65,218,34,8757.45,142.03,23,8,0,4
89,62,Male,Chonburi,13,283,4,19049.6,1924.76,41,7,2,9
90,58,Female,Chiang Mai,213,136,24,40092.14,1374.37,40,6,5,2
91,46,Female,Bangkok,986,362,29,19665.47,1281.18,29,6,13,6
92,32,Male,Chonburi,242,93,19,37563.41,577.59,16,4,3,9
93,62,Male,Chonburi,493,109,6,6361.77,535.14,38,1,17,2
94,18,Male,Chiang Mai,213,241,33,38661.29,1887.01,28,5,14,4
95,42,Female,Bangkok,693,355,49,11922.97,631.63,48,9,8,6
96,24,Female,Chonburi,338,142,40,33901.92,1562.24,38,2,17,13
97,26,Female,Phuket,997,291,19,28332.5,816.59,31,3,2,2
98,41,Female,Phuket,173,237,1,46464.32,321.55,14,9,9,12
99,18,Male,Phuket,672,340,5,19427.39,70.89,53,1,16,12
100,61,Male,Bangkok,164,312,27,3401.64,1111.3,33,1,6,9
101,25,Male,Chonburi,465,177,16,1055.86,1952.77,57,7,14,1
102,41,Male,Phuket,995,141,6,41360.24,769.82,9,7,0,5
103,28,Female,Bangkok,497,189,40,26284.31,746.53,57,9,10,7
104,34,Female,Phuket,700,49,13,38784.68,720.98,27,5,16,3
105,25,Male,Chiang Mai,395,302,48,11797.84,1065.06,24,4,4,8
106,52,Male,Chonburi,703,190,35,17319.68,909.3,13,7,6,11
107,52,Female,Chonburi,917,136,19,1602.18,1765.83,26,3,18,11
108,50,Male,Bangkok,308,43,12,48078.47,1035.77,29,3,14,14
109,22,Female,Bangkok,768,353,16,33426.61,1040.13,51,4,2,7
110,59,Male,Chonburi,183,90,43,46666.93,319.82,49,0,14,6
111,56,Male,Phuket,629,295,10,13348.27,1966.34,43,0,4,13
112,58,Male,Phuket,794,341,25,30612.03,537.45,28,1,11,6
113,45,Male,Chiang Mai,510,245,20,33957.15,193.06,28,7,19,2
114,24,Male,Phuket,708,192,31,15945.73,1343.14,8,6,4,13
115,26,Male,Bangkok,546,318,4,42420.65,1210.96,23,9,2,5
116,25,Male,Bangkok,564,106,44,47363.36,859.53,29,8,8,12
117,29,Female,Phuket,624,363,23,44254.27,873.27,5,4,8,12
118,51,Female,Bangkok,764,310,2,36979.44,1580.87,42,1,6,4
119,50,Female,Chonburi,594,233,22,13945.49,431.64,7,6,1,0
120,40,Female,Chonburi,744,265,37,14152.64,1649.49,42,7,15,10
121,41,Female,Phuket,227,344,8,48171.68,1315.06,36,6,8,2
122,54,Male,Chonburi,745,37,7,613.2,866.99,41,6,12,12
123,52,Male,Chonburi,733,305,14,35830.89,943.16,27,4,18,11
124,61,Female,Chiang Mai,436,41,3,35341.68,550.46,58,1,19,0
125,57,Male,Chiang Mai,925,17,16,31172.21,1516.62,46,5,16,3
126,39,Female,Chonburi,422,344,19,49506.43,1050.11,2,3,5,9
127,44,Female,Phuket,554,277,18,15662.78,675.67,25,9,3,2
128,52,Male,Chiang Mai,21,307,16,17064.6,1212.3,9,1,0,10
129,18,Male,Bangkok,554,59,8,4039.08,1991.68,53,8,17,3
130,52,Male,Bangkok,397,183,33,22195.63,898.76,27,6,18,8
131,54,Female,Bangkok,625,41,49,13126.32,1845.35,1,5,8,2
132,64,Male,Phuket,105,39,12,17235.0,722.78,23,4,12,11
133,31,Female,Chonburi,192,192,11,41745.13,156.73,10,2,7,5
134,20,Female,Bangkok,17,267,5,46780.68,448.27,42,9,12,5
135,18,Female,Phuket,120,147,27,9368.08,866.46,52,9,14,6
136,22,Male,Chiang Mai,393,333,12,18688.2,478.29,25,3,10,8
137,43,Male,Chonburi,425,127,17,46438.67,50.44,54,2,11,11
138,31,Female,Chiang Mai,129,46,6,3184.24,1834.25,3,7,13,6
139,56,Male,Phuket,130,45,33,4708.79,1695.56,6,2,3,13
140,44,Male,Bangkok,572,1,5,8223.27,1497.47,58,6,0,0
141,26,Male,Bangkok,560,168,28,29801.12,377.24,6,6,3,14
142,32,Female,Phuket,29,108,14,7608.57,284.71,53,6,18,7
143,32,Female,Bangkok,97,19,5,48407.01,181.83,2,6,8,4
144,43,Male,Chonburi,10,332,33,22391.05,1461.86,58,1,9,8
145,59,Female,Phuket,242,72,48,25125.75,1861.18,58,9,3,9
146,30,Male,Chiang Mai,826,109,41,12408.26,889.54,18,2,19,12
147,49,Male,Phuket,956,268,19,23600.92,282.32,23,9,8,14
148,56,Male,Chonburi,232,240,22,33129.49,1049.17,2,8,12,11
149,49,Male,Chonburi,789,301,5,37583.74,730.22,12,2,11,4
150,21,Female,Phuket,284,90,2,37718.02,780.91,22,1,10,4
151,47,Female,Phuket,715,103,30,28936.77,1261.59,37,8,11,14
152,54,Female,Bangkok,759,250,47,45227.55,1451.5,20,9,17,11
153,40,Male,Chonburi,802,8,39,40888.65,265.68,39,8,11,11
154,56,Male,Phuket,776,153,4,37876.7,119.4,24,3,15,13
155,62,Male,Phuket,955,347,33,2874.72,1988.94,48,8,4,1
156,32,Female,Chonburi,726,174,13,443.21,503.82,20,2,19,11
157,60,Male,Phuket,200,343,20,10701.12,154.97,1,6,11,10
158,46,Female,Bangkok,945,158,7,33209.83,420.26,1,6,10,2
159,53,Female,Chonburi,79,215,15,20618.75,125.97,17,7,8,9
160,30,Female,Bangkok,913,177,23,20180.07,814.03,59,9,17,8
161,49,Female,Bangkok,956,175,14,44240.89,1614.68,1,3,2,6
162,24,Female,Bangkok,855,340,23,44788.59,715.43,53,2,19,0
163,39,Female,Bangkok,856,338,19,45467.85,916.16,52,2,16,2
164,45,Male,Chonburi,173,146,29,15762.52,1367.39,45,4,13,11
165,19,Male,Bangkok,467,324,20,34583.69,1042.34,30,0,0,1
166,59,Female,Bangkok,581,161,29,13654.5,1729.82,41,9,16,0
167,62,Female,Phuket,416,127,24,9611.43,1738.77,47,2,7,8
168,23,Male,Chonburi,940,82,18,9313.16,69.33,3,5,4,7
169,45,Female,Chonburi,449,147,10,17171.17,1567.19,46,2,4,14
170,45,Female,Chiang Mai,87,239,41,21554.89,948.43,55,4,8,4
171,61,Male,Chonburi,101,84,8,41564.36,1978.24,11,8,2,10
172,61,Female,Chonburi,8,113,26,6082.57,992.3,24,1,18,11
173,37,Female,Chiang Mai,845,225,29,36772.8,1974.45,22,1,8,1
174,47,Female,Chonburi,200,332,10,26619.6,1521.41,44,5,17,0
175,28,Male,Chonburi,505,243,17,14468.47,534.78,45,5,15,6
176,45,Male,Chonburi,87,143,2,24691.7,1099.87,26,7,0,12
177,42,Male,Chonburi,43,41,6,15067.11,1984.66,13,1,1,10
178,56,Female,Chiang Mai,385,258,5,29844.49,1722.18,1,8,13,10
179,50,Female,Chonburi,621,285,28,21748.81,239.87,24,1,13,14
180,18,Male,Chonburi,435,105,41,8303.84,1427.43,10,0,0,1
181,44,Female,Chiang Mai,408,202,5,5917.5,723.88,35,9,15,0
182,30,Female,Phuket,483,307,18,27380.11,63.62,24,1,14,1
183,58,Female,Bangkok,664,331,26,45130.41,836.79,28,6,14,6
184,20,Female,Phuket,17,266,20,17263.49,507.77,36,7,11,6
185,56,Female,Chiang Mai,645,210,41,36676.71,1646.8,16,4,15,9
186,23,Male,Bangkok,148,51,49,32967.2,707.79,40,5,13,5
187,25,Female,Chiang Mai,277,118,27,46584.59,1663.67,16,0,14,4
188,44,Male,Chiang Mai,232,201,49,41066.95,51.17,59,5,14,2
189,26,Female,Chonburi,826,39,12,28373.6,650.25,17,7,18,13
190,54,Male,Bangkok,927,28,7,32885.82,520.27,51,2,7,11
191,50,Female,Chonburi,366,259,3,44929.48,505.46,54,0,1,2
192,59,Male,Bangkok,228,84,10,20035.99,182.96,15,3,1,10
193,61,Female,Chiang Mai,651,155,34,16407.06,414.89,16,0,9,12
194,41,Male,Chiang Mai,436,117,25,639.47,1133.32,15,7,2,11
195,32,Female,Phuket,399,2,35,41344.9,618.15,57,4,16,8
196,49,Male,Bangkok,211,93,16,40068.94,863.92,34,0,7,3
197,49,Female,Chonburi,391,166,2,5312.28,784.89,11,7,3,8
198,41,Male,Phuket,499,350,24,28885.18,1758.01,1,8,13,3
199,58,Male,Phuket,540,296,10,23252.69,1815.33,15,9,9,1
200,29,Female,Phuket,563,258,38,6023.58,1011.27,26,1,0,14
201,56,Female,Chonburi,491,81,22,49030.35,693.8,51,8,3,3
202,19,Male,Phuket,442,268,26,10813.32,258.26,4,7,0,5
203,20,Female,Chonburi,261,235,43,3454.99,1909.14,43,6,16,5
204,54,Male,Phuket,773,321,39,29782.88,167.44,5,2,16,4
205,34,Male,Chonburi,350,311,27,36969.45,630.42,35,1,6,14
206,19,Male,Chiang Mai,352,301,29,1718.93,631.23,13,6,19,14
207,19,Female,Chiang Mai,520,357,47,32970.01,674.78,10,4,14,0
208,45,Male,Chiang Mai,320,213,38,26661.36,370.36,11,5,12,2
209,40,Male,Chiang Mai,138,62,20,5252.92,1577.16,18,3,1,4
210,54,Female,Chiang Mai,550,49,27,8708.94,288.87,34,1,18,5
211,49,Female,Phuket,623,127,41,28441.92,1288.07,39,8,12,13
212,50,Female,Phuket,992,223,20,14888.24,291.5,41,2,10,0
213,18,Female,Phuket,368,279,44,46921.95,187.54,42,6,14,13
214,36,Male,Chonburi,220,294,19,40955.14,1823.39,50,7,9,13
215,19,Male,Chonburi,337,284,20,49180.0,420.75,23,1,8,8
216,61,Male,Chonburi,223,277,35,13057.57,1651.44,7,5,8,13
217,43,Male,Chonburi,648,107,47,48489.21,1112.03,59,7,19,2
218,49,Female,Chiang Mai,768,146,2,21618.57,201.82,39,6,0,9
219,23,Male,Chiang Mai,360,99,30,17441.19,1913.12,3,2,16,12
220,49,Male,Chiang Mai,921,73,34,2612.44,531.57,12,0,11,2
221,21,Female,Bangkok,329,122,22,2732.99,1726.31,7,5,9,10
222,28,Male,Phuket,962,30,3,34631.36,379.18,49,7,4,1
223,34,Male,Chonburi,463,188,6,22950.66,1715.19,26,5,17,7
224,55,Male,Chonburi,946,364,15,11403.43,75.8,33,4,14,14
225,41,Male,Chiang Mai,963,354,27,30737.12,1047.97,37,7,5,12
226,22,Male,Chonburi,561,288,10,12717.62,1550.41,48,1,6,2
227,51,Male,Chonburi,804,195,9,28923.82,1872.85,15,0,16,5
228,23,Female,Phuket,382,156,33,18024.52,1822.94,2,0,5,1
229,39,Female,Chiang Mai,836,172,32,41195.26,1648.27,41,3,7,6
230,28,Male,Phuket,590,335,48,41052.74,1781.97,7,5,11,12
231,33,Male,Bangkok,617,41,6,23919.78,438.48,32,8,13,3
232,50,Female,Bangkok,169,63,41,17605.87,604.16,4,0,11,8
233,26,Male,Bangkok,217,23,36,18191.73,613.49,20,0,9,13
234,23,Male,Chiang Mai,378,360,2,40305.15,785.26,50,4,19,9
235,33,Male,Chonburi,119,75,29,16476.16,816.98,53,9,14,8
236,46,Female,Chiang Mai,190,48,4,10532.06,1111.88,36,4,6,6
237,20,Male,Chiang Mai,767,160,1,4325.95,361.77,32,4,8,14
238,37,Female,Chonburi,370,313,19,23387.99,1397.93,28,9,9,11
239,53,Male,Phuket,778,118,26,24158.39,376.75,13,5,9,7
240,36,Female,Bangkok,149,100,25,42061.34,655.1,1,7,15,2
241,43,Female,Phuket,676,167,10,11139.81,1031.52,56,2,6,10
242,20,Male,Bangkok,652,290,15,19111.46,1603.06,35,8,4,4
243,36,Female,Chiang Mai,859,156,22,40439.45,1491.97,48,0,2,1
244,37,Male,Bangkok,488,7,48,41198.82,1308.79,30,3,17,9
245,49,Female,Chiang Mai,770,196,21,19292.09,353.76,54,8,10,6
246,24,Male,Phuket,374,56,22,23010.29,1116.74,36,7,14,12
247,58,Male,Chiang Mai,781,321,36,15233.97,220.52,57,9,19,7
248,50,Female,Phuket,693,193,34,46634.49,785.86,55,8,4,8
249,57,Male,Chonburi,160,47,30,6020.32,856.36,25,0,11,10
250,56,Male,Chonburi,351,148,25,46694.1,127.63,16,8,3,10
251,35,Female,Chonburi,912,275,45,34224.94,584.28,58,2,14,6
252,57,Male,Chiang Mai,288,157,28,26625.45,1913.52,19,9,8,9
253,18,Male,Chonburi,288,202,1,1729.69,1909.58,1,8,6,14
254,28,Female,Bangkok,892,126,49,23832.25,737.04,5,0,9,9
255,45,Female,Phuket,226,305,45,20446.63,134.05,51,0,12,12
256,42,Male,Phuket,523,294,4,8144.82,399.24,22,8,7,7
257,40,Male,Bangkok,522,64,7,32854.84,814.82,24,5,11,11
258,48,Female,Chiang Mai,783,325,49,48560.43,1898.17,43,3,18,8
259,47,Female,Chiang Mai,273,176,9,28153.22,325.34,45,6,0,5
260,59,Male,Phuket,936,116,36,35766.19,1538.86,52,4,15,11
261,52,Female,Chonburi,402,204,19,3515.68,261.93,37,9,16,11
262,24,Male,Chiang Mai,183,321,1,20941.58,1963.45,53,6,17,9
263,33,Male,Chiang Mai,969,31,10,5906.29,794.15,36,7,10,1
264,43,Male,Bangkok,665,113,36,30678.51,1561.71,36,7,17,1
265,19,Male,Bangkok,488,325,9,46930.26,718.05,4,0,6,3
266,18,Male,Chonburi,827,344,45,33122.71,1273.95,36,7,17,14
267,29,Female,Chiang Mai,846,67,46,3932.47,424.43,52,5,7,8
268,22,Female,Chiang Mai,124,75,42,17797.84,334.74,53,3,5,6
269,54,Female,Bangkok,985,45,32,27578.1,1879.23,18,7,6,1
270,49,Female,Chiang Mai,626,260,32,20220.07,1839.41,50,2,9,7
271,26,Male,Phuket,790,154,6,41698.84,1780.56,16,3,10,10
272,58,Male,Bangkok,414,155,48,40752.08,1269.6,41,5,12,6
273,52,Male,Chonburi,980,363,38,30630.37,1626.12,18,6,8,8
274,36,Male,Bangkok,725,234,17,18735.55,184.62,22,3,6,7
275,33,Female,Chiang Mai,172,51,10,12841.29,702.84,2,3,8,2
276,20,Male,Chonburi,288,306,27,5383.13,661.72,21,6,12,0
277,37,Male,Bangkok,435,262,35,17809.39,1289.51,36,5,2,1
278,41,Female,Phuket,686,315,21,20717.31,744.12,44,7,2,14
279,50,Female,Phuket,113,125,25,33823.56,339.59,39,0,0,13
280,41,Female,Bangkok,888,245,28,32942.18,1213.11,47,9,19,12
281,28,Female,Phuket,917,30,47,3598.4,1638.05,39,6,1,1
282,25,Male,Phuket,995,122,15,19823.44,795.14,29,6,2,3
283,53,Male,Phuket,122,125,4,9170.77,307.92,54,6,14,5
284,55,Female,Chonburi,544,37,29,7924.95,433.54,26,6,5,3
285,57,Male,Phuket,222,170,9,41382.38,513.09,21,9,12,8
286,37,Male,Phuket,631,124,27,2191.57,634.8,17,9,0,3
287,52,Male,Phuket,39,357,26,21017.23,1303.45,16,7,19,5
288,42,Female,Chonburi,497,35,19,8493.36,1221.84,31,8,18,5
289,52,Male,Bangkok,780,87,28,43978.58,1407.36,51,8,0,9
290,42,Female,Chiang Mai,233,134,17,27896.32,756.88,9,1,1,10
291,46,Male,Phuket,943,196,43,11645.89,1656.8,31,6,14,9
292,35,Male,Bangkok,530,274,41,25171.12,447.97,14,6,13,0
293,63,Male,Phuket,149,201,42,36601.17,964.63,49,3,18,7
294,35,Female,Chonburi,397,285,20,47910.09,1611.83,37,8,10,11
295,19,Male,Bangkok,661,77,45,11100.26,401.31,2,7,14,2
296,52,Female,Chonburi,638,59,40,44320.47,264.23,52,0,5,14
297,33,Female,Phuket,904,126,39,46721.78,1773.18,48,1,19,12
298,58,Female,Phuket,302,109,49,45829.39,718.71,46,1,8,5
299,53,Male,Chonburi,360,224,23,31807.18,1383.55,14,7,4,2
300,50,Male,Chiang Mai,238,278,47,31528.05,99.43,59,0,19,14
301,21,Male,Chonburi,647,68,32,20220.21,1395.59,33,3,1,10
302,50,Male,Phuket,663,69,47,37644.65,666.4,35,9,5,1
303,31,Female,Chonburi,236,165,33,26611.57,158.69,58,4,17,14
304,38,Female,Chiang Mai,736,305,46,33904.16,1239.13,39,8,18,4
305,37,Female,Chonburi,203,162,5,21480.05,519.57,58,6,8,13
306,25,Male,Chiang Mai,256,342,43,36601.67,804.27,47,7,5,0
307,24,Female,Chiang Mai,598,309,48,41241.13,207.13,51,8,13,8
308,20,Male,Chonburi,662,343,34,7407.17,336.97,20,6,12,10
309,34,Female,Chonburi,235,42,40,41663.19,631.06,2,4,10,6
310,50,Male,Bangkok,345,354,11,27060.8,225.03,51,4,11,2
311,29,Male,Phuket,534,109,3,42248.83,1826.11,41,9,18,3
312,39,Female,Chiang Mai,860,51,33,21621.96,61.79,19,5,18,12
313,39,Female,Bangkok,797,250,11,19014.12,993.53,59,4,18,5
314,63,Female,Chonburi,781,341,16,45761.53,290.33,37,8,12,2
315,47,Female,Phuket,466,21,18,12633.35,649.97,18,2,13,11
316,55,Male,Bangkok,770,300,30,42226.2,1855.82,16,2,17,6
317,55,Female,Chiang Mai,541,139,48,24252.63,365.3,4,6,11,12
318,62,Female,Bangkok,213,359,10,25753.36,1933.37,12,6,3,5
319,25,Female,Chiang Mai,463,324,18,15492.57,451.3,29,5,9,8
320,44,Male,Chonburi,436,92,38,28694.81,1496.05,7,2,16,11
321,44,Male,Phuket,283,280,19,16328.04,1116.02,14,6,3,14
322,51,Female,Phuket,562,125,36,2059.54,1774.73,55,4,11,4
323,38,Male,Phuket,607,111,13,13672.73,1130.29,12,6,12,3
324,47,Female,Chonburi,463,354,46,418.31,1092.39,35,1,3,2
325,50,Male,Chiang Mai,407,139,3,48919.9,431.14,5,5,9,9
326,45,Male,Chonburi,88,273,10,48290.79,374.15,17,7,2,0
327,64,Male,Phuket,44,99,38,19818.25,1837.15,58,0,14,2
328,50,Male,Chonburi,461,252,1,36445.71,689.28,42,3,1,2
329,22,Female,Chonburi,278,338,27,17355.72,775.56,32,0,16,6
330,36,Female,Chonburi,683,104,46,33587.55,1531.66,10,0,5,6
331,21,Female,Chiang Mai,421,214,8,40290.96,710.71,43,9,7,12
332,52,Male,Bangkok,701,249,46,47343.14,1906.52,17,7,2,14
333,34,Female,Bangkok,353,152,42,20070.59,1488.96,5,6,17,11
334,61,Female,Chonburi,696,250,17,39186.57,1214.99,45,9,0,0
335,45,Female,Bangkok,515,275,9,13369.83,1767.75,42,0,15,2
336,47,Male,Bangkok,703,165,6,49517.58,146.73,9,1,6,12
337,46,Male,Chonburi,630,341,43,1385.9,551.27,49,3,2,7
338,63,Male,Chonburi,19,8,25,30216.09,956.82,33,0,3,8
339,23,Female,Phuket,23,284,39,33009.35,492.61,36,2,8,6
340,52,Female,Bangkok,413,5,49,34433.47,1500.62,36,7,4,6
341,58,Female,Chiang Mai,30,145,28,6107.34,1842.46,18,7,18,11
342,54,Male,Chonburi,807,101,33,46932.64,876.35,9,7,14,14
343,41,Male,Phuket,108,164,37,9141.05,717.16,57,5,7,10
344,46,Female,Chiang Mai,367,147,9,31175.39,1925.02,29,5,5,7
345,63,Male,Bangkok,281,64,18,11211.54,917.46,50,4,17,5
346,48,Male,Phuket,128,91,21,15430.1,1003.64,14,8,18,10
347,52,Male,Chonburi,229,117,2,27368.28,735.72,25,3,14,2
348,50,Male,Chiang Mai,111,354,43,20917.95,1823.62,15,9,6,14
349,38,Female,Chonburi,136,267,38,8095.26,1159.46,6,6,9,0
350,49,Male,Bangkok,362,310,40,8629.73,1536.24,56,0,5,6
351,40,Male,Chiang Mai,186,173,36,20965.42,1633.02,42,8,13,0
352,50,Male,Bangkok,656,47,43,37888.42,716.61,29,6,16,0
353,20,Male,Bangkok,584,140,37,44908.44,895.7,15,9,8,8
354,35,Female,Phuket,129,246,15,4297.97,1704.52,29,8,18,12
355,42,Female,Chonburi,876,149,28,19715.88,758.35,4,6,4,9
356,59,Male,Chiang Mai,261,246,18,5102.25,1598.17,18,1,6,6
357,48,Male,Bangkok,515,5,34,927.96,1884.94,50,5,18,12
358,20,Male,Bangkok,449,184,22,33119.76,1265.26,57,9,19,10
359,57,Male,Chiang Mai,900,20,11,30162.23,1496.17,49,3,6,12
360,63,Male,Bangkok,104,46,13,8234.65,1619.94,44,2,1,3
361,41,Male,Phuket,483,12,4,11767.26,1697.83,39,1,15,5
362,49,Female,Phuket,224,70,22,1283.02,820.35,16,5,12,0
363,64,Male,Phuket,832,17,7,41763.87,149.96,11,7,7,6
364,39,Female,Phuket,874,147,43,48737.06,833.66,14,5,5,11
365,40,Female,Bangkok,866,154,24,6859.43,1363.82,3,8,5,14
366,19,Male,Chiang Mai,491,304,4,11650.61,928.18,51,4,8,5
367,44,Female,Chiang Mai,473,108,28,43433.64,1510.48,50,1,3,3
368,59,Female,Chiang Mai,10,236,15,46330.54,746.12,42,7,10,6
369,19,Female,Chiang Mai,405,308,1,21039.41,1287.75,38,8,4,2
370,43,Female,Chonburi,896,352,3,2626.06,413.52,45,9,16,0
371,34,Female,Chiang Mai,302,70,14,2065.65,1511.27,42,3,19,3
372,57,Female,Chonburi,231,183,38,28740.1,1114.11,18,5,6,2
373,50,Male,Chonburi,731,250,1,19705.47,447.93,58,9,14,0
374,26,Female,Phuket,923,228,38,1529.76,619.23,20,7,14,1
375,60,Female,Chonburi,66,102,38,29204.29,1509.79,58,8,13,10
376,56,Female,Bangkok,937,75,21,664.0,991.07,48,4,12,4
377,46,Male,Chonburi,112,216,48,39389.86,471.26,25,5,10,14
378,59,Female,Phuket,13,203,29,15391.0,1936.18,57,3,12,7
379,43,Male,Chonburi,393,192,5,2108.87,1444.49,38,4,8,0
380,52,Female,Bangkok,500,249,49,29458.78,1916.41,13,6,9,3
381,42,Male,Bangkok,932,242,10,19944.45,882.85,4,8,3,13
382,41,Male,Bangkok,598,179,28,48692.64,976.45,55,9,16,3
383,30,Female,Phuket,234,219,21,27255.51,1801.01,14,5,13,4
384,24,Female,Phuket,602,82,7,13834.44,1073.85,33,5,17,6
385,53,Male,Chiang Mai,314,92,3,35501.0,1429.19,28,7,10,12
386,62,Female,Phuket,566,175,45,13647.45,541.74,52,3,15,11
387,37,Male,Bangkok,12,239,47,45221.74,921.12,37,2,0,7
388,18,Male,Bangkok,209,260,20,18798.63,290.73,8,6,6,14
389,25,Male,Phuket,974,163,19,27538.44,451.66,44,4,9,5
390,63,Male,Chonburi,14,48,35,2623.6,51.84,34,1,8,0
391,33,Male,Phuket,633,329,4,21363.45,126.57,44,1,2,6
392,31,Female,Phuket,418,328,5,41634.94,1955.7,5,5,13,2
393,29,Male,Bangkok,437,116,1,40301.88,522.59,54,7,14,14
394,40,Male,Chiang Mai,377,337,4,11293.5,1343.46,5,0,1,12
395,32,Female,Bangkok,20,337,12,11381.35,1686.24,31,5,13,12
396,45,Male,Chiang Mai,587,225,27,40883.54,1123.79,45,1,15,12
397,51,Female,Bangkok,912,352,42,46526.88,348.63,9,1,6,5
398,19,Female,Phuket,755,328,23,4858.51,1469.83,42,6,3,14
399,49,Female,Bangkok,735,147,25,22557.93,1220.49,32,9,17,7
400,40,Male,Bangkok,70,63,21,16938.97,1475.94,33,0,4,6
401,39,Male,Bangkok,824,294,24,43547.35,1551.01,3,5,5,9
402,42,Male,Phuket,211,323,25,4267.89,1952.05,30,6,6,5
403,39,Female,Phuket,101,325,45,10635.18,1168.45,50,7,14,8
404,39,Male,Phuket,698,13,46,37648.17,716.2,12,6,0,8
405,59,Female,Phuket,132,189,32,2659.56,1314.51,29,5,3,0
406,23,Male,Chiang Mai,623,287,32,24677.52,183.46,3,8,0,0
407,32,Female,Chiang Mai,381,208,5,22161.14,1799.92,26,2,10,0
408,60,Male,Chonburi,132,114,36,16786.62,282.79,57,5,17,7
409,54,Male,Phuket,20,22,46,19789.16,689.29,30,3,13,11
410,50,Male,Chiang Mai,906,349,42,26544.04,1640.7,9,1,10,12
411,25,Female,Bangkok,536,214,49,8152.23,1214.76,26,0,9,13
412,61,Female,Phuket,227,171,42,28642.59,817.59,2,0,16,11
413,61,Male,Chonburi,154,323,39,40291.07,973.2,3,9,3,13
414,22,Male,Chonburi,805,54,16,38032.03,1716.37,46,2,14,9
415,56,Female,Chonburi,742,298,33,7779.61,713.01,4,3,15,6
416,21,Female,Bangkok,469,320,49,7547.55,1745.82,25,1,12,2
417,23,Female,Chiang Mai,822,126,21,13481.9,221.86,51,0,8,12
418,62,Male,Bangkok,871,277,9,18117.63,1564.76,13,3,10,1
419,49,Female,Phuket,405,204,6,20481.93,1702.72,39,6,10,3
420,47,Male,Chonburi,202,194,45,34016.89,404.54,44,9,5,2
421,64,Female,Bangkok,38,169,35,2928.35,889.18,35,5,0,6
422,52,Male,Bangkok,942,152,39,1830.17,372.72,55,5,5,9
423,57,Female,Chiang Mai,772,35,22,19656.34,1427.88,23,8,12,14
424,33,Female,Chiang Mai,188,184,41,34888.47,1093.93,9,1,4,14
425,30,Female,Chonburi,57,286,5,9752.42,1288.88,2,3,14,7
426,59,Female,Bangkok,941,57,42,32111.07,433.15,54,4,17,5
427,47,Female,Bangkok,20,222,23,13065.42,462.9,41,0,19,2
428,36,Male,Chiang Mai,273,303,17,44315.7,130.92,44,7,13,5
429,34,Female,Bangkok,119,163,12,44794.93,678.03,31,7,14,14
430,36,Female,Bangkok,583,19,23,14934.63,1141.5,44,5,4,1
431,45,Female,Bangkok,516,264,16,11576.69,1722.97,47,4,3,14
432,43,Male,Chiang Mai,221,282,3,20624.07,1350.51,2,7,1,11
433,54,Female,Chonburi,526,113,30,12102.53,899.02,32,2,6,6
434,43,Male,Phuket,515,327,22,33651.95,1908.58,18,2,9,13
435,40,Female,Chonburi,728,30,9,41320.63,1452.53,13,1,15,10
436,26,Female,Phuket,741,135,29,33687.3,1863.82,46,4,9,9
437,29,Male,Bangkok,336,67,47,41235.09,1078.8,5,2,17,13
438,18,Female,Chonburi,698,65,37,19909.91,554.86,58,2,16,6
439,18,Male,Phuket,55,292,23,7900.22,153.01,42,5,12,3
440,64,Male,Chiang Mai,500,25,13,36923.75,1465.87,44,7,0,12
441,51,Female,Chiang Mai,900,37,32,18087.68,286.54,10,1,0,7
442,49,Male,Chonburi,888,1,46,33596.41,640.41,56,3,14,3
443,42,Female,Chonburi,766,37,47,13605.13,1088.32,43,6,0,6
444,57,Female,Bangkok,536,141,48,4153.36,1150.61,25,0,5,3
445,62,Male,Chonburi,162,232,23,49629.83,1221.14,34,0,12,12
446,18,Male,Bangkok,670,136,45,7894.46,374.2,37,9,0,11
447,33,Male,Bangkok,594,188,17,49422.21,790.49,30,6,4,4
448,56,Male,Chiang Mai,915,128,40,48866.27,1253.53,7,6,8,6
449,22,Female,Chiang Mai,159,201,21,39711.52,1941.15,6,0,16,12
450,39,Female,Phuket,188,127,2,33005.21,1468.88,54,0,15,13
451,46,Male,Chiang Mai,60,257,37,28932.57,1849.08,55,3,7,13
452,20,Female,Chiang Mai,915,164,6,43318.47,1536.31,3,4,16,12
453,29,Female,Chonburi,817,35,44,14543.03,1203.85,13,4,14,9
454,43,Female,Chiang Mai,319,194,18,23437.29,424.45,3,3,0,2
455,33,Female,Phuket,878,191,30,31007.56,1350.04,26,7,11,9
456,54,Male,Chonburi,211,104,22,20618.4,1265.59,57,6,4,4
457,39,Male,Phuket,406,23,33,21431.57,1224.81,24,8,5,10
458,46,Female,Chiang Mai,664,265,30,16581.2,1005.08,53,6,0,13
459,31,Male,Phuket,109,290,17,28255.17,1080.88,6,9,0,2
460,45,Male,Chonburi,76,260,43,42543.67,702.16,43,0,9,4
461,22,Male,Bangkok,542,358,32,10156.27,1062.66,58,6,9,13
462,64,Female,Phuket,314,75,42,46728.21,435.23,49,0,2,2
463,47,Female,Phuket,998,355,14,34485.47,1620.09,42,6,16,10
464,63,Female,Chonburi,117,72,10,41181.33,412.27,12,9,18,9
465,22,Male,Chonburi,927,259,47,27853.92,215.68,49,7,10,10
466,29,Female,Phuket,868,188,36,38997.88,900.68,36,8,17,6
467,33,Female,Chiang Mai,704,173,34,908.4,1333.7,2,2,1,12
468,43,Male,Phuket,19,290,9,40937.18,903.55,11,3,8,0
469,43,Female,Chonburi,432,45,42,2102.93,589.67,39,3,16,8
470,38,Female,Bangkok,685,61,28,44506.68,1138.43,34,8,13,8
471,56,Male,Bangkok,740,83,11,49598.94,726.65,26,6,3,4
472,53,Male,Chiang Mai,350,123,14,14773.97,1869.09,18,2,16,8
473,50,Male,Phuket,183,358,39,10594.9,1849.16,21,9,16,9
474,47,Female,Bangkok,113,16,47,38291.63,1029.63,36,4,11,12
475,54,Female,Phuket,183,66,19,12726.01,689.37,40,6,19,14
476,40,Female,Chonburi,481,145,15,43291.56,1487.41,52,7,17,5
477,27,Male,Bangkok,146,162,28,5231.85,121.59,46,0,2,14
478,22,Male,Chiang Mai,831,234,24,6385.16,975.8,44,1,10,4
479,53,Female,Chonburi,628,144,8,48959.66,705.83,22,6,17,12
480,51,Female,Chiang Mai,113,358,43,33724.56,1845.04,53,1,3,2
481,48,Male,Chonburi,763,188,9,42359.67,73.41,59,6,16,10
482,27,Male,Bangkok,476,322,47,16284.04,1127.99,30,8,17,10
483,36,Male,Chiang Mai,763,13,33,33856.54,1494.29,50,1,4,7
484,49,Male,Chiang Mai,303,184,33,29752.67,995.79,43,6,13,3
485,18,Female,Chonburi,971,111,19,30197.19,216.54,30,3,9,9
486,22,Male,Chiang Mai,825,290,3,34158.37,1946.3,8,1,14,12
487,62,Female,Chonburi,118,295,10,28810.42,1060.12,34,6,0,14
488,21,Female,Chonburi,813,215,40,21510.21,1247.66,57,4,15,12
489,33,Female,Chonburi,161,120,47,13868.54,511.39,47,0,10,2
490,41,Male,Chonburi,401,55,42,38452.21,992.82,9,4,19,12
491,33,Male,Bangkok,198,27,1,11390.99,886.84,51,2,5,5
492,19,Male,Chonburi,260,118,29,34648.48,196.05,20,6,15,7
493,45,Male,Phuket,660,221,34,11743.31,257.01,40,5,1,12
494,49,Female,Chiang Mai,752,231,13,31303.98,1683.07,25,7,0,14
495,44,Male,Phuket,47,53,1,37379.21,517.65,19,4,8,8
496,37,Male,Bangkok,987,295,34,11013.82,430.17,5,1,11,13
497,41,Female,Phuket,399,321,29,3091.17,1034.58,11,8,16,5
498,29,Male,Chiang Mai,710,233,48,6635.59,1549.06,15,7,14,4
499,52,Female,Phuket,559,158,47,30339.25,170.8,8,5,18,11
500,50,Female,Bangkok,78,269,13,42487.38,1174.78,19,9,9,10
501,50,Female,Chonburi,124,21,48,2345.34,282.46,23,6,11,1
502,60,Female,Phuket,75,53,49,36734.15,121.1,27,8,13,1
503,54,Female,Bangkok,871,275,29,17131.8,152.85,40,6,8,8
504,29,Female,Bangkok,137,313,39,23978.57,1676.62,32,2,12,1
505,20,Female,Chiang Mai,602,281,24,46450.09,280.05,26,5,2,1
506,18,Female,Chiang Mai,400,214,26,16665.38,138.05,27,6,13,2
507,50,Male,Phuket,837,31,17,23320.31,903.9,19,1,9,2
508,57,Male,Chonburi,505,337,7,782.75,1695.79,50,2,15,3
509,27,Male,Bangkok,500,183,13,4171.78,561.7,42,3,6,6
510,60,Male,Phuket,573,23,5,13003.72,872.34,29,9,3,8
511,61,Female,Bangkok,138,32,26,1489.83,127.85,39,5,19,1
512,46,Male,Bangkok,50,74,49,31605.63,925.7,41,0,10,3
513,30,Female,Chonburi,771,10,3,21377.28,1176.35,33,8,15,8
514,29,Male,Chonburi,973,54,7,27452.45,1163.27,19,4,19,13
515,48,Male,Phuket,619,52,49,8814.89,698.23,37,6,3,1
516,63,Male,Chonburi,625,148,39,14867.01,665.29,19,8,16,9
517,19,Female,Chonburi,862,160,1,33224.84,257.92,33,8,12,10
518,52,Male,Phuket,254,14,49,48268.61,765.26,47,0,10,12
519,40,Female,Chonburi,630,178,17,2615.8,244.01,16,0,2,0
520,34,Female,Chiang Mai,710,53,43,44530.18,1544.86,23,2,8,9
521,43,Male,Bangkok,849,335,25,28886.37,1934.23,7,5,5,7
522,25,Male,Bangkok,877,22,3,28239.59,1941.65,26,1,10,8
523,46,Male,Bangkok,563,30,15,25063.9,1736.89,32,9,15,6
524,43,Female,Bangkok,757,191,29,3562.76,1221.54,12,0,18,7
525,27,Male,Phuket,915,260,43,4584.85,1416.69,8,0,4,3
526,43,Female,Bangkok,426,205,32,30085.51,606.15,5,4,13,3
527,51,Female,Bangkok,547,59,26,17113.83,1280.0,42,3,16,12
528,58,Male,Bangkok,302,264,16,45871.68,938.52,28,0,2,1
529,24,Male,Bangkok,922,12,25,20388.87,989.93,53,3,3,7
530,21,Female,Chiang Mai,581,119,28,7249.74,1527.66,5,2,15,14
531,62,Female,Bangkok,349,290,9,35764.47,599.74,49,1,15,10
532,28,Female,Chiang Mai,832,338,1,14738.34,670.18,26,8,3,1
533,46,Male,Phuket,933,248,29,26320.97,1853.05,5,0,18,8
534,53,Female,Chonburi,980,354,22,34921.86,159.64,22,6,16,13
535,42,Male,Bangkok,49,127,16,45023.18,996.99,15,3,12,3
536,38,Female,Chonburi,917,75,41,39630.34,1829.96,13,4,0,0
537,53,Female,Chonburi,74,361,44,33850.42,1240.21,28,9,11,12
538,27,Male,Phuket,704,204,41,34013.7,1115.49,33,4,3,3
539,54,Female,Chonburi,261,49,7,47301.64,537.0,43,0,10,2
540,26,Male,Chiang Mai,356,79,14,14861.62,719.39,23,5,4,11
541,41,Male,Chonburi,582,241,29,155.49,1711.49,33,8,1,5
542,52,Female,Chonburi,602,349,19,13670.53,1140.48,43,1,16,6
543,52,Male,Chonburi,260,154,19,10972.78,1053.75,18,6,7,7
544,53,Male,Bangkok,638,274,2,33125.55,244.18,50,5,5,1
545,35,Female,Bangkok,743,96,41,31722.21,81.25,53,4,8,5
546,56,Male,Chiang Mai,295,214,45,29713.72,1929.19,30,3,12,14
547,49,Male,Chiang Mai,931,294,15,910.55,785.12,26,3,10,5
548,41,Male,Bangkok,641,209,3,36466.02,1226.27,16,5,15,9
549,40,Female,Chiang Mai,792,343,11,16244.17,205.44,13,3,15,11
550,49,Male,Bangkok,313,88,46,33286.29,1382.07,39,4,1,4
551,54,Female,Phuket,612,306,30,27873.26,1868.51,33,5,9,9
552,29,Female,Chonburi,838,264,40,17202.27,1172.55,26,4,11,9
553,30,Male,Chonburi,809,325,18,6815.36,295.92,48,6,7,6
554,40,Male,Chiang Mai,182,320,48,4811.5,1184.36,1,8,10,2
555,42,Male,Bangkok,686,157,2,41592.76,1544.38,49,9,9,3
556,52,Female,Bangkok,828,156,32,45928.04,842.51,38,6,12,9
557,58,Male,Chiang Mai,364,139,8,32524.42,1765.68,2,6,16,12
558,47,Male,Bangkok,188,121,22,5261.36,1314.93,49,3,6,8
559,34,Male,Phuket,569,65,6,20161.16,1803.54,6,0,2,3
560,37,Male,Chonburi,543,107,12,36474.07,1265.84,46,7,19,2
561,42,Male,Chiang Mai,596,147,47,39013.06,306.01,50,3,12,13
562,39,Female,Chiang Mai,664,137,40,5999.11,653.9,38,0,18,1
563,30,Female,Bangkok,985,162,36,101.53,443.5,42,4,6,4
564,36,Male,Chiang Mai,548,100,15,35635.64,1822.21,24,7,8,3
565,53,Male,Phuket,725,338,28,17894.15,1532.78,18,3,18,12
566,29,Male,Bangkok,926,307,49,12798.62,1368.98,27,7,12,12
567,58,Male,Bangkok,408,141,45,743.58,636.88,41,7,7,7
568,36,Female,Bangkok,876,83,18,27060.94,408.89,8,2,17,6
569,29,Male,Bangkok,618,177,2,42572.42,1525.08,28,8,1,5
570,26,Female,Phuket,414,198,13,47885.82,974.61,10,2,17,10
571,24,Female,Bangkok,342,112,45,28330.67,490.29,17,0,17,11
572,45,Male,Chiang Mai,220,56,15,25771.62,1252.41,55,1,10,1
573,31,Female,Phuket,903,179,20,4344.31,128.65,29,5,0,2
574,48,Female,Chonburi,163,186,29,27488.75,686.03,58,9,13,9
575,36,Female,Chonburi,951,218,42,19060.96,963.69,6,1,15,8
576,64,Female,Chiang Mai,220,316,29,30396.05,338.52,14,5,10,12
577,33,Male,Chiang Mai,270,217,3,19497.44,1970.08,22,0,0,8
578,22,Male,Phuket,632,120,19,12090.93,457.74,54,0,6,14
579,52,Female,Chonburi,906,175,3,4838.77,304.19,6,4,15,4
580,29,Male,Chonburi,848,23,14,15814.43,446.89,26,9,13,13
581,42,Male,Chonburi,400,213,40,4922.58,1549.67,39,8,14,2
582,38,Male,Chonburi,182,235,4,8927.16,879.74,12,7,13,1
583,53,Male,Chonburi,991,13,11,49368.07,1152.56,35,2,10,7
584,40,Male,Bangkok,618,101,31,22260.77,90.97,14,2,15,14
585,33,Female,Chiang Mai,729,24,43,26640.4,117.14,22,0,18,5
586,56,Male,Bangkok,205,364,32,43693.56,919.36,51,2,16,9
587,62,Male,Chonburi,582,11,27,49778.89,1642.48,23,0,5,10
588,59,Male,Phuket,556,273,30,29177.45,1776.22,48,7,10,11
589,56,Male,Phuket,841,281,43,40642.44,219.08,7,0,16,6
590,31,Female,Chonburi,813,94,2,16414.36,1099.81,40,4,8,0
591,48,Female,Chonburi,228,201,49,15356.62,1830.8,50,8,17,0
592,22,Female,Phuket,696,21,9,20194.92,806.55,25,6,16,9
593,52,Female,Bangkok,619,340,28,33658.11,1667.65,13,3,11,1
594,40,Male,Bangkok,596,211,31,34141.37,310.71,21,8,4,9
595,46,Female,Chonburi,850,140,34,15830.45,1874.02,41,8,10,14
596,60,Male,Bangkok,250,293,15,6747.18,1515.28,10,1,3,2
597,28,Male,Phuket,875,298,48,31656.57,1885.6,53,9,3,11
598,35,Male,Bangkok,441,101,25,6503.46,1369.4,55,9,2,0
599,64,Male,Chonburi,533,304,36,28966.78,758.64,59,5,16,13
600,29,Male,Phuket,196,359,8,34701.76,1879.45,9,3,6,4
601,26,Female,Bangkok,690,28,9,35060.51,587.36,15,7,3,14
602,27,Female,Chiang Mai,929,41,37,37698.26,697.74,52,6,12,14
603,61,Female,Phuket,987,355,48,43655.69,1416.58,2,6,11,2
604,34,Female,Phuket,519,303,45,25047.95,1542.37,25,9,0,0
605,55,Male,Chiang Mai,70,146,39,36539.43,1862.34,13,8,18,7
606,24,Female,Chiang Mai,639,256,32,30996.72,449.36,34,4,19,11
607,63,Male,Phuket,399,227,17,9413.33,1606.1,51,5,17,10
608,30,Female,Chiang Mai,978,236,35,1381.91,1490.16,58,0,10,5
609,57,Male,Chonburi,672,361,37,14298.62,174.4,34,5,19,8
610,59,Male,Chonburi,760,13,19,22207.38,805.09,35,1,2,2
611,26,Female,Chonburi,203,210,44,30893.59,601.39,38,5,16,8
612,44,Male,Phuket,148,229,29,42512.97,643.76,3,8,11,8
613,19,Male,Chiang Mai,472,100,7,9892.66,1966.75,42,7,9,14
614,22,Female,Chiang Mai,655,31,28,6364.93,1303.42,56,8,7,11
615,46,Male,Bangkok,944,16,9,48177.65,1449.47,59,9,14,14
616,54,Female,Bangkok,199,137,28,5491.42,1954.4,6,7,4,12
617,55,Female,Chiang Mai,917,329,6,23976.7,785.54,55,2,3,11
618,36,Female,Chiang Mai,426,166,29,29319.63,1613.59,48,7,19,0
619,25,Male,Chiang Mai,666,310,17,27114.58,897.34,49,5,18,2
620,62,Male,Phuket,492,100,16,4393.0,1745.59,19,5,3,5
621,18,Male,Chiang Mai,888,109,23,2945.64,402.28,3,5,14,7
622,39,Female,Bangkok,896,343,31,5363.62,1897.99,18,2,16,3
623,34,Male,Phuket,142,173,3,29320.83,476.6,39,9,11,4
624,24,Female,Chiang Mai,313,237,21,27262.81,686.13,9,0,2,8
625,42,Female,Bangkok,165,162,26,11763.67,1524.57,52,3,9,5
626,62,Male,Phuket,314,216,36,31924.93,817.82,12,9,14,11
627,21,Female,Chiang Mai,21,264,42,41021.37,1236.01,5,5,9,6
628,53,Male,Chiang Mai,82,263,37,2174.79,916.92,3,9,17,6
629,23,Male,Chiang Mai,581,292,22,24956.68,1497.62,11,1,0,3
630,48,Male,Phuket,131,274,42,34496.59,495.25,57,6,2,3
631,36,Male,Bangkok,599,3,12,12690.37,163.99,30,6,11,3
632,61,Male,Bangkok,730,28,42,15457.77,634.86,4,3,0,13
633,56,Female,Chonburi,933,326,13,30720.53,974.9,5,3,2,14
634,44,Female,Chiang Mai,984,149,11,44906.97,377.64,1,0,2,10
635,27,Female,Chonburi,305,28,16,40515.23,741.85,27,1,4,4
636,43,Male,Chonburi,915,310,8,29198.2,829.97,28,8,18,4
637,36,Male,Bangkok,371,65,40,36538.06,161.91,29,9,0,7
638,56,Male,Phuket,857,356,40,18304.64,1187.45,18,7,3,8
639,20,Female,Phuket,853,21,45,32084.18,1774.47,12,7,3,1
640,62,Male,Bangkok,384,252,2,23362.46,345.9,13,8,16,10
641,30,Female,Phuket,908,235,30,9577.81,1215.73,41,6,13,6
642,45,Female,Chonburi,445,227,30,35116.74,1346.24,2,8,17,0
643,37,Male,Chiang Mai,425,13,12,27867.59,867.7,37,9,0,0
644,45,Male,Bangkok,161,313,10,17995.22,1417.14,45,1,15,3
645,25,Female,Chiang Mai,178,49,44,45575.83,850.93,16,5,2,9
646,58,Male,Phuket,629,118,11,1144.61,1034.04,48,2,8,6
647,56,Female,Chiang Mai,708,54,15,15857.08,64.34,24,5,3,1
648,18,Male,Phuket,895,138,16,2938.38,1398.85,35,2,4,10
649,20,Male,Phuket,490,53,17,38349.71,1339.62,22,7,10,1
650,30,Female,Chonburi,327,44,26,35135.16,124.88,36,3,8,0
651,45,Male,Phuket,598,303,2,16634.48,768.09,11,9,2,9
652,42,Female,Chonburi,289,53,12,33815.58,1959.11,55,5,5,1
653,50,Male,Chonburi,593,74,26,19857.27,870.44,58,8,10,12
654,55,Female,Chonburi,664,46,23,37837.06,1028.79,46,1,8,14
655,23,Female,Bangkok,573,13,18,22763.76,1824.36,29,1,14,6
656,61,Male,Bangkok,573,165,32,20672.76,1448.66,35,6,2,8
657,62,Female,Phuket,354,102,49,46743.02,1185.04,48,1,0,5
658,49,Male,Chonburi,28,280,38,12618.87,1605.72,54,1,19,9
659,62,Male,Bangkok,954,258,47,6110.32,1735.51,15,3,18,1
660,64,Male,Chonburi,43,337,3,29268.7,940.93,31,8,13,11
661,38,Female,Chiang Mai,681,356,38,48469.16,976.46,42,7,16,14
662,33,Female,Chiang Mai,423,138,3,18954.18,802.8,41,1,13,9
663,38,Male,Chiang Mai,598,163,30,3195.63,1935.08,43,7,16,14
664,28,Male,Phuket,177,111,1,17031.33,1409.47,16,3,13,9
665,54,Female,Chonburi,529,102,30,25345.99,212.28,10,1,11,12
666,53,Male,Chiang Mai,610,17,45,8179.96,1732.77,49,9,15,8
667,52,Male,Bangkok,966,268,32,32939.3,987.09,32,6,0,6
668,36,Female,Chiang Mai,494,182,28,49887.69,184.07,51,5,12,10
669,37,Male,Chiang Mai,198,24,21,22641.8,1121.95,2,9,5,0
670,35,Female,Chiang Mai,610,29,46,17800.95,863.47,24,4,16,11
671,64,Male,Phuket,577,171,13,20095.14,1761.61,23,0,11,8
672,58,Female,Bangkok,842,228,27,5845.79,447.79,2,1,18,1
673,31,Male,Chonburi,853,188,36,44175.35,1661.61,38,7,5,3
674,32,Male,Bangkok,517,346,7,20799.8,1137.49,31,0,6,8
675,48,Female,Chonburi,514,230,22,19424.99,156.49,51,2,0,3
676,18,Male,Phuket,22,321,10,33018.54,1945.1,40,1,0,2
677,20,Female,Phuket,112,340,39,22157.47,1049.6,26,4,4,0
678,33,Male,Phuket,57,119,15,32446.85,617.21,29,3,5,6
679,40,Female,Phuket,66,156,15,3166.17,965.34,3,6,15,14
680,28,Female,Chonburi,842,272,4,40704.79,1722.82,58,4,15,5
681,29,Female,Chiang Mai,98,175,32,47031.15,644.56,14,7,13,9
682,27,Female,Chonburi,144,104,23,32473.39,425.72,25,3,0,3
683,49,Male,Bangkok,880,92,6,47732.84,301.69,48,5,12,5
684,33,Male,Phuket,435,186,24,7656.47,630.83,1,3,19,5
685,25,Female,Phuket,637,283,20,23923.07,1571.09,53,1,9,12
686,55,Female,Bangkok,679,181,37,30130.16,969.67,3,0,9,3
687,29,Female,Chonburi,86,170,20,29128.66,493.59,54,0,8,13
688,41,Male,Chiang Mai,588,187,12,20132.94,374.06,26,7,12,12
689,45,Male,Chiang Mai,344,175,33,16970.41,698.82,18,3,2,5
690,25,Male,Bangkok,936,222,28,6428.52,1882.85,9,4,17,9
691,45,Male,Chiang Mai,294,233,8,19647.95,718.9,38,7,19,10
692,53,Female,Chonburi,956,162,1,8216.77,1976.84,23,6,1,7
693,43,Female,Chonburi,571,134,37,36744.85,996.2,21,7,16,12
694,25,Female,Bangkok,650,224,22,10520.66,399.37,57,7,18,2
695,45,Male,Chonburi,611,153,6,3022.41,1787.72,1,5,12,3
696,45,Male,Phuket,704,33,21,27663.07,947.69,21,9,12,9
697,54,Male,Bangkok,243,55,32,29801.96,1433.86,27,1,0,12
698,58,Female,Chonburi,831,7,35,43608.46,1968.24,42,5,1,11
699,53,Female,Bangkok,561,244,15,28891.38,147.84,59,0,0,13
700,44,Male,Chiang Mai,960,313,5,17339.49,238.55,6,0,4,14
701,34,Female,Chonburi,32,126,46,40170.29,1454.89,55,2,2,0
702,26,Male,Phuket,391,12,48,27059.92,599.56,44,2,6,3
703,50,Male,Chonburi,277,16,6,4056.09,409.39,36,4,12,10
704,37,Female,Bangkok,532,208,25,28335.94,126.76,28,0,17,9
705,30,Male,Bangkok,154,43,46,45410.13,92.6,45,9,6,9
706,45,Female,Chonburi,383,135,40,19876.0,1560.25,17,5,0,11
707,46,Male,Phuket,68,228,29,14886.66,312.15,59,6,4,13
708,30,Female,Phuket,878,111,7,7259.13,962.06,40,9,16,8
709,63,Female,Phuket,884,307,40,7657.13,1231.5,58,2,7,7
710,52,Female,Bangkok,214,160,13,21695.3,885.29,52,3,14,10
711,23,Male,Chonburi,655,331,38,29824.42,102.86,3,9,19,3
712,35,Male,Chiang Mai,376,264,18,4122.71,1577.83,12,9,3,11
713,22,Female,Bangkok,744,225,2,46984.47,70.5,39,9,1,6
714,64,Female,Phuket,213,217,8,37781.17,1535.69,12,9,4,9
715,42,Male,Chonburi,79,45,11,29372.53,1791.94,2,9,0,2
716,19,Male,Phuket,726,214,33,41439.09,894.04,56,2,4,8
717,27,Male,Chiang Mai,628,59,38,4101.32,1094.31,46,0,5,9
718,47,Female,Phuket,604,132,48,23894.26,980.12,22,7,1,3
719,62,Male,Phuket,782,104,27,31541.65,808.96,23,9,0,1
720,22,Male,Chiang Mai,923,195,20,41449.78,1780.48,30,9,3,9
721,50,Female,Chonburi,381,157,12,39195.13,1793.17,5,1,6,4
722,18,Male,Bangkok,680,98,43,13925.76,704.84,9,0,0,1
723,35,Male,Chonburi,58,226,31,47049.92,1249.39,21,7,0,13
724,49,Male,Chiang Mai,796,205,27,6304.86,1857.47,11,6,7,9
725,64,Female,Phuket,26,79,32,43769.17,1926.01,5,6,19,5
726,28,Female,Chonburi,881,124,10,48549.92,1042.47,35,3,15,10
727,38,Female,Bangkok,447,218,3,8939.96,933.01,27,8,12,9
728,43,Female,Chiang Mai,66,4,45,36131.1,593.45,49,5,17,0
729,42,Female,Chonburi,921,90,27,2110.25,1919.8,2,1,19,13
730,39,Female,Bangkok,760,104,35,20330.6,328.49,24,0,9,5
731,44,Female,Chiang Mai,254,119,31,25862.54,1180.67,31,0,11,3
732,30,Male,Bangkok,899,133,15,29074.2,600.97,33,8,0,2
733,50,Male,Chiang Mai,968,312,16,46803.27,594.07,39,3,9,1
734,51,Female,Phuket,44,96,13,33645.31,839.69,30,4,8,6
735,58,Male,Chonburi,97,331,49,24115.77,1997.65,46,2,2,8
736,52,Male,Bangkok,554,143,35,40502.78,157.18,37,3,18,11
737,18,Female,Chiang Mai,227,288,11,47531.59,1178.16,51,7,8,2
738,38,Male,Bangkok,774,28,21,1201.1,211.02,28,3,9,5
739,23,Male,Bangkok,679,278,11,49127.81,351.32,31,8,18,8
740,45,Male,Chonburi,436,233,30,4397.99,907.15,11,8,15,1
741,34,Male,Phuket,791,17,48,40737.9,1045.4,23,5,17,6
742,22,Male,Bangkok,601,59,35,14088.7,554.65,57,1,13,4
743,48,Female,Chiang Mai,379,90,22,6695.76,667.09,2,9,2,4
744,22,Female,Chiang Mai,178,199,38,22048.8,219.59,40,6,1,10
745,55,Female,Phuket,427,362,31,32233.43,641.28,41,8,0,6
746,20,Male,Chiang Mai,915,26,14,19109.5,1934.79,27,5,17,8
747,40,Female,Phuket,709,25,24,2822.81,1892.18,35,2,8,3
748,54,Male,Chiang Mai,307,301,49,30013.11,703.01,2,6,12,8
749,54,Male,Chonburi,779,339,32,45129.92,1163.17,39,4,1,14
750,27,Male,Bangkok,504,267,36,19222.45,1823.71,37,0,6,13
751,27,Male,Chonburi,268,181,32,10895.01,62.06,21,2,15,12
752,36,Female,Bangkok,586,360,15,22184.61,1630.83,58,4,18,10
753,34,Female,Bangkok,8,68,43,2513.3,1899.32,5,6,14,9
754,38,Male,Bangkok,920,351,35,41042.33,228.09,52,2,10,8
755,31,Female,Chonburi,508,321,3,41334.41,364.82,45,5,0,12
756,26,Male,Bangkok,476,49,16,29441.22,1923.46,21,4,6,3
757,63,Female,Chonburi,297,175,5,17719.83,1098.2,29,0,19,2
758,18,Female,Phuket,164,52,21,40009.19,77.68,20,9,7,1
759,62,Male,Chiang Mai,485,102,10,27778.88,552.38,38,5,9,8
760,30,Female,Chiang Mai,597,216,19,41314.02,927.39,20,7,4,11
761,21,Male,Bangkok,72,188,25,31609.79,1401.17,50,0,8,1
762,18,Female,Chonburi,567,57,4,39241.83,1479.66,25,1,0,5
763,57,Male,Chiang Mai,905,47,29,29968.29,1991.07,2,3,1,4
764,49,Male,Chonburi,559,159,19,20765.64,610.65,57,1,18,13
765,51,Female,Chonburi,911,174,43,47901.5,1099.53,32,8,13,4
766,45,Female,Bangkok,944,242,2,27101.58,1089.98,26,9,19,3
767,48,Male,Chiang Mai,238,282,10,30293.97,841.01,6,7,9,5
768,25,Female,Bangkok,104,241,43,11102.33,379.87,41,7,8,4
769,56,Female,Bangkok,210,5,25,31319.97,1956.04,57,3,9,10
770,43,Male,Chiang Mai,554,84,20,28623.22,1713.97,3,4,5,3
771,51,Male,Chiang Mai,828,308,48,9323.44,1021.75,33,3,16,12
772,20,Female,Phuket,468,361,19,3073.4,1226.33,1,8,5,8
773,29,Male,Phuket,454,248,23,30257.53,493.16,51,1,3,12
774,18,Male,Chonburi,268,54,24,38208.24,1110.38,5,7,19,5
775,61,Male,Chiang Mai,386,161,11,26217.73,1405.19,13,1,2,10
776,22,Female,Phuket,775,226,46,11415.95,1054.58,19,0,18,9
777,47,Female,Chonburi,848,15,34,33359.45,1981.06,12,9,17,9
778,47,Male,Chonburi,387,224,28,4097.28,1242.12,48,2,3,12
779,34,Female,Chonburi,877,61,5,22147.5,773.4,25,8,7,9
780,64,Male,Phuket,259,122,5,8252.0,1555.7,57,2,16,12
781,40,Female,Chiang Mai,283,277,21,9304.51,382.4,51,8,4,2
782,32,Male,Bangkok,626,46,12,10194.47,799.81,35,6,12,9
783,54,Male,Chonburi,875,294,4,19396.68,726.57,12,9,0,5
784,38,Female,Phuket,40,62,49,2652.4,892.02,30,0,12,13
785,31,Male,Phuket,486,86,42,19949.89,1574.47,5,9,3,0
786,19,Female,Bangkok,929,210,20,25634.2,994.14,34,4,13,4
787,28,Female,Bangkok,220,78,38,24216.38,1598.33,22,8,2,9
788,56,Male,Phuket,129,202,25,19200.93,1174.15,39,2,4,5
789,55,Male,Chiang Mai,520,302,14,41973.42,717.04,13,8,6,14
790,51,Female,Bangkok,613,223,11,7351.8,1629.46,57,4,0,10
791,55,Male,Phuket,928,222,32,25334.27,514.66,47,8,11,7
792,51,Male,Bangkok,892,3,11,3195.87,487.55,54,9,10,10
793,35,Male,Chiang Mai,688,6,18,3650.67,1033.78,3,5,7,14
794,47,Male,Chonburi,619,93,27,28735.91,558.66,53,8,5,14
795,32,Male,Bangkok,613,8,18,28344.32,67.72,20,6,1,8
796,44,Female,Chiang Mai,260,235,23,43913.87,1314.18,31,6,18,10
797,51,Female,Phuket,990,108,11,27937.9,1046.63,5,7,19,2
798,55,Male,Bangkok,966,161,21,47993.57,918.76,24,6,19,1
799,50,Male,Bangkok,366,209,44,2529.87,1935.59,40,8,13,12
800,41,Male,Phuket,758,240,5,4990.58,1163.84,54,8,0,3
801,32,Female,Chonburi,787,331,23,2298.89,1733.69,33,5,9,7
802,47,Male,Phuket,544,333,41,9345.31,321.93,8,6,15,10
803,59,Female,Bangkok,649,50,25,27109.38,1159.95,24,1,3,7
804,34,Female,Phuket,524,11,41,32314.05,1742.56,50,8,10,2
805,22,Female,Chiang Mai,907,351,10,2374.7,1187.06,20,0,15,3
806,46,Male,Phuket,814,156,22,47303.95,1450.13,16,0,19,2
807,21,Female,Bangkok,887,70,19,42124.05,775.48,50,2,0,9
808,27,Male,Phuket,16,169,1,14900.96,230.28,52,5,15,1
809,34,Female,Chonburi,129,272,7,3951.66,942.91,12,4,18,3
810,27,Male,Phuket,575,68,4,8577.36,819.23,13,1,8,5
811,34,Female,Chonburi,109,355,1,6434.53,1740.77,45,8,8,10
812,37,Male,Chiang Mai,887,252,15,6251.86,525.79,42,9,8,13
813,41,Female,Chonburi,533,48,40,25976.23,1935.13,39,3,16,10
814,22,Male,Phuket,670,184,12,12367.79,1918.37,25,3,11,4
815,51,Male,Bangkok,269,320,22,17971.17,532.88,46,4,12,2
816,23,Male,Chonburi,162,187,22,49476.32,728.7,32,7,7,1
817,19,Male,Chiang Mai,260,90,47,34247.28,1796.33,24,9,15,8
818,30,Female,Chonburi,924,332,17,47454.14,1934.91,48,3,17,14
819,60,Female,Chonburi,102,139,29,7213.57,914.71,47,4,0,0
820,60,Male,Chonburi,506,357,46,19168.76,675.94,44,3,0,8
821,28,Female,Chiang Mai,735,89,14,27781.12,1075.88,9,5,11,0
822,64,Male,Phuket,571,274,20,3930.23,1391.15,40,2,5,14
823,40,Male,Chonburi,247,19,48,308.95,583.28,50,7,8,13
824,33,Female,Chonburi,640,311,33,33554.67,1486.12,23,5,4,6
825,48,Male,Bangkok,795,358,43,32126.79,150.73,50,9,15,5
826,28,Male,Chiang Mai,837,154,15,20598.36,146.12,13,4,17,6
827,33,Female,Chonburi,537,260,12,24533.24,803.26,59,1,16,14
828,25,Male,Chiang Mai,131,108,40,20830.61,739.27,32,9,17,2
829,21,Male,Chonburi,353,285,20,1297.85,665.48,50,9,0,13
830,57,Male,Phuket,196,59,30,16835.04,1007.49,15,6,18,2
831,21,Male,Phuket,793,125,38,8936.4,675.43,36,1,7,12
832,42,Female,Chonburi,916,354,3,5011.37,424.9,49,0,2,10
833,20,Female,Phuket,930,273,28,47840.35,653.47,5,6,4,0
834,49,Female,Chonburi,666,107,26,30008.05,1951.06,22,4,7,3
835,20,Male,Phuket,382,299,30,36459.95,851.67,16,0,18,11
836,44,Male,Bangkok,645,245,13,15836.65,917.19,41,3,17,1
837,46,Female,Bangkok,227,336,13,19718.04,1174.26,10,3,17,9
838,49,Male,Bangkok,701,247,2,11922.51,1967.51,24,9,0,7
839,36,Male,Chiang Mai,476,8,37,4938.59,521.12,18,6,14,2
840,38,Male,Chiang Mai,477,141,49,9033.68,1378.5,49,8,17,6
841,22,Male,Bangkok,265,362,38,39895.95,1446.17,18,1,6,6
842,35,Female,Chiang Mai,372,8,2,33909.54,1234.28,7,0,15,11
843,45,Female,Phuket,486,352,36,27391.75,222.73,4,1,15,8
844,59,Female,Chonburi,434,94,26,23806.98,1369.9,26,6,14,5
845,39,Male,Chonburi,646,321,11,46129.47,174.98,5,9,5,0
846,38,Female,Chonburi,211,39,8,3729.47,1212.48,55,5,8,7
847,23,Female,Bangkok,572,81,44,14101.98,1492.18,16,3,6,0
848,18,Male,Chiang Mai,940,187,40,17561.9,461.39,35,0,13,2
849,22,Male,Phuket,377,84,43,39143.05,1691.16,26,0,10,10
850,58,Female,Phuket,395,88,22,49626.48,109.19,18,4,15,4
851,29,Female,Bangkok,450,242,20,12109.46,1695.44,29,0,5,7
852,43,Female,Phuket,943,342,8,43727.94,947.64,23,6,15,8
853,63,Female,Phuket,364,93,29,41548.08,474.3,53,0,19,14
854,51,Male,Phuket,876,86,40,11310.4,310.87,14,0,15,6
855,31,Female,Phuket,457,44,26,20026.7,1908.95,15,1,11,8
856,43,Female,Chiang Mai,725,137,30,20542.68,191.7,49,9,16,10
857,62,Male,Phuket,728,74,17,48913.21,438.23,33,2,4,2
858,44,Female,Chonburi,226,36,20,9126.51,728.25,25,0,12,12
859,26,Male,Bangkok,982,101,16,39977.98,1259.46,21,8,7,4
860,43,Male,Chiang Mai,131,156,46,16776.22,1112.36,17,9,4,9
861,64,Male,Phuket,588,255,43,36570.43,295.0,23,7,11,7
862,39,Female,Chiang Mai,476,171,7,21058.55,614.97,57,4,8,11
863,64,Female,Phuket,798,216,16,28960.15,515.57,43,1,2,0
864,47,Male,Chonburi,986,170,45,41647.33,466.41,17,4,2,7
865,60,Female,Bangkok,277,252,47,40227.86,851.73,58,5,0,6
866,34,Female,Phuket,156,360,48,43334.52,1422.86,14,0,17,0
867,43,Male,Phuket,760,322,27,3074.9,474.03,29,3,11,12
868,53,Male,Phuket,218,55,23,34633.32,765.02,20,8,8,12
869,18,Female,Phuket,190,91,24,7085.37,812.29,30,1,8,9
870,25,Male,Bangkok,417,278,9,20849.35,1954.09,19,4,17,11
871,52,Female,Bangkok,981,101,35,27474.56,1911.6,53,0,17,9
872,32,Female,Chonburi,675,155,20,20196.7,1610.27,39,3,6,14
873,64,Female,Bangkok,692,349,37,26028.62,521.23,56,3,3,11
874,39,Female,Phuket,546,364,42,49826.66,182.67,13,5,12,5
875,31,Male,Chonburi,41,141,17,6847.34,667.96,18,9,16,0
876,43,Male,Chonburi,307,173,47,33805.26,570.25,23,8,1,1
877,45,Male,Chonburi,943,10,31,19860.45,1036.56,46,2,13,4
878,40,Male,Phuket,338,228,8,6737.19,1566.57,33,8,2,1
879,31,Female,Chiang Mai,314,265,15,8020.96,1723.73,39,5,4,13
880,41,Female,Phuket,75,248,31,47468.73,1697.48,40,6,13,9
881,19,Male,Bangkok,953,247,30,43992.11,751.37,18,9,2,0
882,62,Female,Bangkok,279,155,46,45361.39,1390.11,9,1,6,5
883,43,Female,Phuket,176,34,20,49577.49,660.03,33,9,17,7
884,31,Female,Phuket,896,129,39,10494.94,168.77,32,5,12,7
885,24,Male,Chonburi,662,160,12,17836.42,1418.05,54,5,9,12
886,20,Male,Phuket,273,89,49,33494.03,69.16,17,1,12,12
887,64,Male,Chonburi,837,93,17,24241.75,847.91,19,1,15,7
888,40,Female,Bangkok,620,327,42,20977.64,692.29,27,1,8,10
889,63,Male,Chonburi,651,241,30,17954.78,1402.09,6,9,1,5
890,60,Male,Phuket,862,323,29,29729.65,1544.18,35,0,4,10
891,64,Male,Bangkok,783,117,19,28822.11,642.98,56,4,16,2
892,62,Male,Chiang Mai,859,94,46,8156.75,1632.67,37,7,3,0
893,35,Male,Chonburi,931,163,11,23639.82,623.14,34,1,16,1
894,55,Male,Bangkok,289,99,34,27718.24,920.34,20,4,8,4
895,52,Female,Chonburi,724,113,7,28557.32,1467.69,25,7,19,12
896,32,Female,Bangkok,893,359,44,10584.35,1401.19,4,9,1,9
897,42,Male,Bangkok,272,91,34,37139.34,1975.37,10,4,17,4
898,54,Male,Chonburi,930,346,20,1357.43,489.06,10,1,10,9
899,45,Female,Chiang Mai,66,206,38,17806.11,1341.52,24,2,12,13
900,27,Female,Bangkok,483,17,24,39032.61,1238.88,21,5,7,0
901,56,Male,Bangkok,936,274,10,28238.26,1834.44,11,4,0,0
902,34,Male,Bangkok,248,173,32,13132.01,354.91,27,3,16,14
903,56,Male,Chiang Mai,156,116,15,34778.16,1516.01,16,3,11,8
904,39,Male,Chiang Mai,47,349,37,28412.81,1158.12,26,4,3,1
905,43,Female,Phuket,935,181,20,39832.56,585.6,30,1,12,6
906,61,Male,Chonburi,454,91,3,36777.76,975.15,49,8,8,9
907,42,Male,Chiang Mai,201,82,37,30544.39,700.86,16,1,6,3
908,34,Male,Chonburi,660,324,40,24460.07,1179.66,7,9,4,6
909,30,Male,Phuket,124,114,8,6745.79,1783.55,16,1,4,7
910,37,Female,Chonburi,1,257,40,13140.52,1160.14,35,9,16,4
911,42,Female,Chiang Mai,968,58,44,21013.06,1281.86,58,8,8,12
912,21,Female,Chonburi,759,154,23,30005.03,1061.56,16,2,5,11
913,27,Male,Chiang Mai,855,116,40,25734.02,149.77,40,9,18,11
914,20,Male,Chonburi,640,343,11,14480.41,504.07,12,6,15,0
915,58,Female,Chiang Mai,191,266,46,422.57,1009.4,35,3,1,3
916,62,Male,Chiang Mai,579,315,8,24862.34,654.96,49,5,9,9
917,35,Male,Chonburi,516,203,29,14352.74,404.44,21,3,15,2
918,64,Female,Phuket,442,41,30,36756.95,1033.06,50,9,4,9
919,53,Female,Bangkok,921,105,10,1294.92,679.48,43,6,14,14
920,64,Female,Phuket,815,193,39,29282.91,553.31,36,0,12,11
921,39,Female,Chonburi,806,278,28,47079.56,954.77,48,2,12,4
922,51,Male,Phuket,143,354,49,8803.02,309.9,17,2,12,9
923,64,Male,Chiang Mai,191,237,36,23635.31,1859.1,32,0,14,12
924,25,Female,Bangkok,533,221,13,4661.96,1742.02,41,5,13,9
925,57,Male,Chonburi,227,68,32,31321.53,1429.86,6,8,7,12
926,61,Female,Chonburi,313,197,36,27571.53,257.12,24,7,10,5
927,36,Female,Chonburi,629,256,37,20427.54,1562.96,27,6,17,1
928,59,Male,Bangkok,949,139,26,26116.71,1625.52,20,9,3,6
929,58,Female,Chiang Mai,302,312,22,44839.08,1547.14,25,7,9,12
930,54,Male,Chonburi,654,149,4,9895.09,272.23,2,5,0,2
931,23,Male,Phuket,996,99,31,1225.97,1305.62,9,8,4,14
932,43,Male,Chonburi,460,76,18,43097.08,1676.93,28,2,12,0
933,51,Male,Chonburi,401,282,38,28898.14,1175.84,53,9,0,9
934,62,Female,Chonburi,551,109,24,44543.86,1310.49,38,9,7,2
935,23,Male,Chonburi,393,188,23,29887.57,943.81,3,8,2,8
936,54,Female,Chiang Mai,867,199,22,40527.04,1080.98,20,3,2,9
937,50,Female,Phuket,764,303,2,21540.7,117.03,6,6,6,10
938,39,Female,Chiang Mai,845,327,31,37518.01,1295.98,39,8,3,10
939,38,Female,Phuket,207,154,11,45660.77,208.82,33,1,2,14
940,23,Male,Chonburi,210,40,28,28648.94,898.28,55,1,14,5
941,23,Male,Bangkok,115,133,46,9121.18,620.68,1,8,7,10
942,21,Female,Chiang Mai,737,132,32,13513.0,1113.58,37,2,2,5
943,47,Female,Bangkok,646,279,5,10012.36,310.16,6,8,6,3
944,28,Male,Chiang Mai,251,362,38,12418.17,1398.7,45,4,17,14
945,47,Female,Chonburi,219,84,10,15390.13,1600.27,34,5,10,7
946,48,Male,Chiang Mai,407,242,40,27801.18,368.54,47,1,10,4
947,41,Female,Chonburi,443,116,46,29440.78,253.41,15,7,16,6
948,26,Male,Chiang Mai,603,109,24,21382.34,333.76,45,8,5,8
949,20,Female,Chonburi,354,221,35,30809.5,1760.4,26,1,7,12
950,48,Female,Chonburi,888,41,44,4170.59,1079.97,57,5,0,12
951,57,Male,Phuket,558,147,48,4480.63,961.16,14,5,9,13
952,54,Female,Chonburi,550,112,23,8674.29,258.09,58,7,18,4
953,53,Female,Phuket,142,103,17,25952.07,1316.63,54,9,2,10
954,41,Male,Chonburi,612,46,1,10778.33,1742.6,7,4,3,13
955,48,Female,Bangkok,501,324,31,14235.89,1664.96,46,8,10,4
956,23,Male,Chonburi,840,271,31,20075.61,1270.81,58,0,14,13
957,19,Male,Bangkok,702,195,42,40612.12,196.79,31,8,0,3
958,37,Female,Bangkok,547,280,42,791.72,269.17,24,9,8,5
959,45,Female,Chonburi,659,283,34,32504.0,146.15,59,6,10,1
960,28,Female,Bangkok,542,40,9,33476.94,552.08,31,3,18,2
961,21,Female,Phuket,846,189,22,39952.92,314.54,29,2,12,0
962,32,Female,Chiang Mai,507,164,13,46644.37,557.09,42,9,15,1
963,23,Female,Chonburi,596,24,25,1104.88,800.86,32,5,3,1
964,47,Female,Bangkok,881,24,48,7773.81,1888.82,17,0,0,7
965,55,Male,Chonburi,281,4,18,44319.95,1240.23,14,2,19,7
966,19,Female,Phuket,424,323,12,22980.08,1678.2,40,1,12,1
967,32,Male,Chonburi,856,290,40,28273.07,1435.19,36,8,0,12
968,28,Female,Chonburi,270,181,17,33185.06,269.38,58,2,4,13
969,25,Female,Bangkok,154,248,15,33985.42,1485.04,48,1,4,5
970,43,Male,Phuket,614,116,42,46593.85,586.44,24,3,13,14
971,62,Female,Chiang Mai,727,279,15,49847.78,1296.26,45,1,13,4
972,61,Female,Chiang Mai,662,69,15,36035.86,714.88,54,0,7,2
973,22,Male,Bangkok,944,351,39,14432.34,1995.46,27,5,3,4
974,23,Female,Chonburi,83,254,13,43999.64,563.93,25,9,6,4
975,43,Female,Bangkok,622,181,17,2556.12,594.3,59,7,19,4
976,21,Female,Bangkok,947,318,32,11630.93,1864.81,32,9,18,2
977,36,Male,Bangkok,899,169,9,44879.55,98.06,52,9,14,14
978,37,Female,Chonburi,426,313,40,12883.96,1408.54,18,1,3,2
979,50,Female,Phuket,275,249,20,11110.49,1464.39,46,8,18,3
980,37,Female,Bangkok,713,188,26,6992.45,1680.94,18,2,8,6
981,29,Female,Chonburi,284,54,27,42969.68,1950.16,37,7,12,11
982,64,Male,Phuket,980,326,21,25052.91,1952.42,26,7,13,11
983,18,Male,Bangkok,173,357,18,33777.17,177.29,9,2,13,11
984,43,Female,Chiang Mai,327,313,13,12029.41,1652.59,35,2,9,13
985,31,Female,Phuket,718,138,16,37926.22,1310.3,8,5,15,1
986,55,Male,Bangkok,63,168,9,38024.28,1312.32,20,0,4,9
987,54,Male,Phuket,73,103,12,15698.64,300.28,54,3,5,3
988,28,Female,Phuket,763,85,44,20593.06,1317.86,42,0,1,3
989,53,Male,Phuket,636,317,38,10563.54,1965.84,22,2,12,0
990,30,Female,Phuket,375,212,19,48830.4,1828.05,19,8,12,9
991,60,Male,Phuket,633,3,7,32315.57,906.3,30,4,18,7
992,20,Male,Phuket,508,179,35,46733.74,127.9,53,4,17,0
993,50,Male,Bangkok,787,342,48,15238.94,756.47,28,3,18,7
994,23,Male,Chiang Mai,943,303,18,39116.36,1661.46,35,2,0,6
995,27,Female,Chonburi,398,332,16,38316.35,1417.92,43,4,7,8
996,22,Male,Phuket,120,38,39,34613.62,945.72,11,3,15,7
997,40,Male,Chonburi,934,239,4,48285.38,157.45,31,7,1,4
998,27,Female,Bangkok,437,169,25,19738.41,882.44,49,3,7,7
999,61,Male,Phuket,829,343,32,6622.79,964.6,48,7,5,13
1000,19,Male,Chiang Mai,676,314,40,33618.27,1860.68,39,5,15,14
